 N, GB, t1, t2
4,4,  0.000001,  0.000000
4,8,  0.000001,  0.000000
